{"dala": [0.007199754901960784, 1.1194029850746268, 0.0224609375], "dala+flexible_refine": [0.007199754901960784, 1.1194029850746268, 0.0224609375], "flexible_dala": [0.007965686274509805, 1.1194029850746268, 0.015625], "flexible_dala+flexible_refine": [0.007965686274509803, 1.1194029850746268, 0.015625], "dala_graph": [0.006740196078431372, 1.117936117936118], "dala_graph+flexible_refine": [0.006740196078431372, 1.117936117936118], "fdala_graph": [0.006740196078431372, 1.117936117936118], "fdala_graph+flexible_refine": [0.006740196078431372, 1.117936117936118]}