{
  "dala": [
    0.0400805504493464,
    1.3392857142857142,
    0.3017578125
  ],
  "dala+flexible_refine": [
    0.04065499897875817,
    1.3392857142857142,
    0.3017578125
  ],
  "flexible_dala": [
    0.04238153594771242,
    1.3392857142857142,
    0.2353515625
  ],
  "flexible_dala+flexible_refine": [
    0.04859196282679739,
    1.3392857142857142,
    0.2353515625
  ],
  "dala_graph": [
    0.04081775939542484,
    1.3421828908554572
  ],
  "dala_graph+flexible_refine": [
    0.0413922079248366,
    1.3483483483483483
  ]
}