{"dala": [0.03734553717320261, 1.3206997084548104, 0.294921875], "dala+flexible_refine": [0.03661151960784313, 1.3206997084548104, 0.294921875], "flexible_dala": [0.04204005821078431, 1.3206997084548104, 0.234375], "flexible_dala+flexible_refine": [0.04042202818627451, 1.3206997084548104, 0.234375], "dala_graph": [0.03619664011437908, 1.3130434782608695], "dala_graph+flexible_refine": [0.03563495710784314, 1.3112391930835734]}