{
  "dala": [
    0.003497753267973856,
    1.0859188544152745,
    0.0205078125
  ],
  "dala+flexible_refine": [
    0.003344566993464052,
    1.0859188544152745,
    0.0205078125
  ],
  "flexible_dala": [
    0.003038194444444444,
    1.0859188544152745,
    0.013671875
  ],
  "flexible_dala+flexible_refine": [
    0.0028850081699346407,
    1.0859188544152745,
    0.013671875
  ],
  "dala_graph": [
    0.003038194444444444,
    1.081145584725537
  ],
  "dala_graph+flexible_refine": [
    0.0028850081699346407,
    1.0807600950118765
  ],
  "fdala_graph": [
    0.0028850081699346407,
    1.0807600950118765
  ],
  "fdala_graph+flexible_refine": [
    0.0028850081699346407,
    1.0807600950118765
  ]
}