{"dala": [0.03721788194444445, 1.318840579710145, 0.2548828125], "dala+flexible_refine": [0.03618387459150327, 1.318840579710145, 0.2548828125], "flexible_dala": [0.03917738970588235, 1.318840579710145, 0.2109375], "flexible_dala+flexible_refine": [0.03802849264705882, 1.318840579710145, 0.2109375], "dala_graph": [0.03699448529411765, 1.318840579710145], "dala_graph+flexible_refine": [0.0351977379493464, 1.3072463768115943]}