{"dala": [0.0059742647058823525, 1.1105527638190955, 0.0341796875], "dala+flexible_refine": [0.005821078431372549, 1.1105527638190955, 0.0341796875], "flexible_dala": [0.0059742647058823525, 1.1105527638190955, 0.0234375], "flexible_dala+flexible_refine": [0.005821078431372549, 1.1105527638190955, 0.0234375], "dala_graph": [0.0026041666666666665, 1.0769230769230769], "dala_graph+flexible_refine": [0.0024509803921568627, 1.0756501182033098], "fdala_graph": [0.0030637254901960784, 1.0819277108433736], "fdala_graph+flexible_refine": [0.0030637254901960784, 1.0819277108433736]}