{"dala": [0.03612642973856209, 1.3121387283236994, 0.265625], "dala+flexible_refine": [0.03612642973856209, 1.3121387283236994, 0.265625], "flexible_dala": [0.04060712826797386, 1.3121387283236994, 0.2431640625], "flexible_dala+flexible_refine": [0.041928359885620915, 1.3121387283236994, 0.2431640625], "dala_graph": [0.036566840277777776, 1.3176470588235294], "dala_graph+flexible_refine": [0.0351977379493464, 1.3072463768115943]}