{"dala": [0.004901960784313726, 1.1016949152542372, 0.033203125], "dala+flexible_refine": [0.00505514705882353, 1.1016949152542372, 0.033203125], "flexible_dala": [0.005208333333333333, 1.1016949152542372, 0.0263671875], "flexible_dala+flexible_refine": [0.005361519607843138, 1.1016949152542372, 0.0263671875], "dala_graph": [0.004748774509803922, 1.0997506234413965], "dala_graph+flexible_refine": [0.004748774509803922, 1.0997506234413965], "fdala_graph": [0.0035232843137254903, 1.0861244019138756], "fdala_graph+flexible_refine": [0.0032169117647058826, 1.0859188544152745]}