{"dala": [0.039208984375, 0.0013253127870897184, 1.333271607991688, 0.008395773540545557], "flexible_dala": [0.04277758629493464, 0.0021709039579541744, 1.333271607991688, 0.008395773540545557], "dala_graph": [0.037398194955065356, 0.0011507370564138389, 1.321867261827303, 0.00735640964190714]}