{"dala": [0.037562231924019605, 0.0015562335075541024, 1.322809600386865, 0.01051428124748846], "flexible_dala": [0.04189804176879085, 0.0037168689939648986, 1.322809600386865, 0.01051428124748846], "dala_graph": [0.03729607077205883, 0.0015080516626913242, 1.3205983620979103, 0.00997096804060887]}