{
  "dala": [
    0.003953907952069716,
    1.0920420589008326,
    0.025390625
  ],
  "dala+flexible_refine": [
    0,
    0,
    0
  ],
  "flexible_dala": [
    0.0036356209150326794,
    1.0920420589008326,
    0.016015625
  ],
  "flexible_dala+flexible_refine": [
    0,
    0,
    0
  ],
  "dala_graph": [
    0.002946282679738562,
    1.0813254151914564
  ],
  "dala_graph+flexible_refine": [
    0,
    0
  ],
  "fdala_graph": [
    0,
    0
  ],
  "fdala_graph+flexible_refine": [
    0,
    0
  ]
}