{"dala": [0.036940550959967317, 0.0018902591103239646, 1.3188226682820534, 0.011905001436921057], "flexible_dala": [0.03902484170751634, 0.0011866391242397023, 1.3188226682820534, 0.011905001436921057], "dala_graph": [0.03535666870915033, 0.001057144851110649, 1.3085968783849746, 0.007286392244627435]}