{"dala": [0.005759803921568627, 0.0008805213151470536, 1.1080907882619329, 0.007678669969355586], "flexible_dala": [0.005315563725490196, 0.0008335642071331369, 1.1080907882619329, 0.007678669969355586], "dala_graph": [0.0036305147058823526, 0.0008612556860827572, 1.0879908165700483, 0.008608559708719331], "fdala_graph": [0.004120710784313725, 0.0008891404326551133, 1.0934692243457678, 0.008254462057814622]}