{"dala": [0.03564070159313725, 0.0010217142446063367, 1.3101444838855687, 0.00668878141499652], "flexible_dala": [0.03971481821895425, 0.0008983645460107443, 1.3101444838855687, 0.00668878141499652], "dala_graph": [0.03501072303921569, 0.0011497222662791781, 1.3057281572337769, 0.007604877443698087]}