{"dala": [0.04004672181372548, 1.338628877142103, 0.2970703125], "dala+flexible_refine": [0.0, 0.0, 0.0], "flexible_dala": [0.046435227736928104, 1.338628877142103, 0.244140625], "flexible_dala+flexible_refine": [0.0, 0.0, 0.0], "dala_graph": [0.03921728196486928, 1.3329770634050884], "dala_graph+flexible_refine": [0.0, 0.0]}