{"dala": [0.005039828431372549, 0.001220597617148368, 1.1014814809336821, 0.011731425289351803], "flexible_dala": [0.005039828431372549, 0.001220597617148368, 1.1014814809336821, 0.011731425289351803], "dala_graph": [0.004733455882352942, 0.0011472619082936754, 1.0984080011506057, 0.010887051301635241], "fdala_graph": [0.005514705882352941, 0.001182613913334484, 1.1055636080037412, 0.010669467834803006]}