{
  "dala": [
    0.03661151960784313,
    1.3176470588235294,
    0.3017578125
  ],
  "dala+flexible_refine": [
    0.036554074754901966,
    1.3176470588235294,
    0.3017578125
  ],
  "flexible_dala": [
    0.04024650224673203,
    1.3176470588235294,
    0.2099609375
  ],
  "flexible_dala+flexible_refine": [
    0.03875293607026144,
    1.3176470588235294,
    0.2099609375
  ],
  "dala_graph": [
    0.03546262254901961,
    1.310850439882698
  ],
  "dala_graph+flexible_refine": [
    0.03540517769607843,
    1.3099415204678362
  ]
}