{
  "dala": [
    0.03820240067101308,
    1.3265306122448979,
    0.294921875
  ],
  "dala+flexible_refine": [
    0.03753264441598578,
    1.3265306122448979,
    0.294921875
  ],
  "flexible_dala": [
    0.039737548156301594,
    1.3265306122448979,
    0.201171875
  ],
  "flexible_dala+flexible_refine": [
    0.03942400300579992,
    1.3265306122448979,
    0.201171875
  ],
  "dala_graph": [
    0.03762756789509335,
    1.3235294117647058
  ],
  "dala_graph+flexible_refine": [
    0.036696524014647985,
    1.3185840707964602
  ]
}