{
  "dala": [
    0.005599809368191721,
    0.0015257087488904735,
    1.1057646124671678,
    0.013093848327910705
  ],
  "flexible_dala": [
    0.005599809368191721,
    0.0015257087488904735,
    1.1057646124671678,
    0.013093848327910705
  ],
  "dala_graph": [
    0.005471303104575163,
    0.0012847382438570022,
    1.1051991241888235,
    0.01151539372386341
  ]
}