{"dala": [0.004610906862745097, 1.097906760202042, 0.0322265625], "dala+flexible_refine": [0.0, 0.0, 0.0], "flexible_dala": [0.004534313725490196, 1.097906760202042, 0.021484375], "flexible_dala+flexible_refine": [0.0, 0.0, 0.0], "dala_graph": [0.002987132352941176, 1.0815949527174953], "dala_graph+flexible_refine": [0.0, 0.0], "fdala_graph": [0.0, 0.0], "fdala_graph+flexible_refine": [0.0, 0.0]}