{
  "dala": [
    0.005771718409586057,
    0.0016444618600116488,
    1.1075465346748765,
    0.013876762116686155
  ],
  "flexible_dala": [
    0.005771718409586057,
    0.0016444618600116488,
    1.1075465346748765,
    0.013876762116686155
  ],
  "dala_graph": [
    0.00569342320261438,
    0.0016631407373519525,
    1.1066957591261013,
    0.014162088505858735
  ],
  "fdala_graph": [
    0.005680657679738561,
    0.0014558679464862286,
    1.1071517539405527,
    0.013084693603706777
  ]
}