{"dala": [0.03847337111928104, 0.0012196655478808878, 1.3281908741047617, 0.007723529621206671], "flexible_dala": [0.04225834865196078, 0.0020095520007592255, 1.3281908741047617, 0.007723529621206671], "dala_graph": [0.037045547385620915, 0.0012162728331226963, 1.319619091450765, 0.007767781776075764]}