{
  "dala": [
    0.03761935763888889,
    0.0017063568708963407,
    1.3230520480706764,
    0.010899278284422373
  ],
  "flexible_dala": [
    0.04096200980392156,
    0.0035422396148782143,
    1.3230520480706764,
    0.010899278284422373
  ],
  "dala_graph": [
    0.03698874080882353,
    0.0010304847267971302,
    1.3193767839098005,
    0.006764708081508645
  ]
}