{
  "dala": [
    0.038175445048897166,
    1.3265306122448979,
    0.2548828125
  ],
  "dala+flexible_refine": [
    0.036973521971974094,
    1.3265306122448979,
    0.2548828125
  ],
  "flexible_dala": [
    0.04052703367765971,
    1.3265306122448979,
    0.2041015625
  ],
  "flexible_dala+flexible_refine": [
    0.040474776152576095,
    1.3265306122448979,
    0.2041015625
  ],
  "dala_graph": [
    0.03719942000762033,
    1.318840579710145
  ],
  "dala_graph+flexible_refine": [
    0.035042804866432416,
    1.3054755043227666
  ]
}