{"dala": [0.038958780126633986, 1.3319322327939918, 0.29697265625], "dala+flexible_refine": [0.0, 0.0, 0.0], "flexible_dala": [0.04312576593137254, 1.3319322327939918, 0.2421875], "flexible_dala+flexible_refine": [0.0, 0.0, 0.0], "dala_graph": [0.03689555249183006, 1.3182606391816654], "dala_graph+flexible_refine": [0.0, 0.0]}