{
  "dala": [
    0.0036006978253813695,
    1.088235294117647,
    0.0205078125
  ],
  "dala+flexible_refine": [
    0.0034613444251584045,
    1.088235294117647,
    0.0205078125
  ],
  "flexible_dala": [
    0.0036006978253813695,
    1.088235294117647,
    0.017578125
  ],
  "flexible_dala+flexible_refine": [
    0.0034613444251584045,
    1.088235294117647,
    0.017578125
  ],
  "dala_graph": [
    0.0030432842244895084,
    1.0813397129186604
  ],
  "dala_graph+flexible_refine": [
    0.0029039308242665425,
    1.0807600950118765
  ],
  "fdala_graph": [
    0.0029039308242665425,
    1.0807600950118765
  ],
  "fdala_graph+flexible_refine": [
    0.0029039308242665425,
    1.0807600950118765
  ]
}