{"dala": [0.00507046568627451, 1.1019703005027262, 0.0302734375], "dala+flexible_refine": [0.0, 0.0, 0.0], "flexible_dala": [0.004840686274509803, 1.1019703005027262, 0.015625], "flexible_dala+flexible_refine": [0.0, 0.0, 0.0], "dala_graph": [0.0034926470588235296, 1.086618906203831], "dala_graph+flexible_refine": [0.0, 0.0], "fdala_graph": [0.0, 0.0], "fdala_graph+flexible_refine": [0.0, 0.0]}