{"dala": [0.006418504901960785, 1.113472465125594, 0.0185546875], "dala+flexible_refine": [0.0, 0.0, 0.0], "flexible_dala": [0.006418504901960785, 1.113472465125594, 0.009765625], "flexible_dala+flexible_refine": [0.0, 0.0, 0.0], "dala_graph": [0.00546875, 1.1059594778453552], "dala_graph+flexible_refine": [0.0, 0.0], "fdala_graph": [0.0, 0.0], "fdala_graph+flexible_refine": [0.0, 0.0]}