{"dala": [0.03779201133578431, 1.3244115280972497, 0.25322265625], "dala+flexible_refine": [0.0, 0.0, 0.0], "flexible_dala": [0.041192108353758174, 1.3244115280972497, 0.209765625], "flexible_dala+flexible_refine": [0.0, 0.0, 0.0], "dala_graph": [0.03651003370098038, 1.3153179390423113], "dala_graph+flexible_refine": [0.0, 0.0]}