{
  "dala": [
    0.036265254799836596,
    0.002201879360281766,
    1.3141106360117354,
    0.013745107142870073
  ],
  "flexible_dala": [
    0.040587341707516336,
    0.002550784104924816,
    1.3141106360117354,
    0.013745107142870073
  ],
  "dala_graph": [
    0.03599366830065359,
    0.0016956104592462838,
    1.312265430873325,
    0.011263039799923154
  ]
}