{
  "dala": [
    0.005157271241830065,
    0.0009760742844408082,
    1.102998820886468,
    0.008771663363087354
  ],
  "flexible_dala": [
    0.004689202069716775,
    0.000738735513427523,
    1.102998820886468,
    0.008771663363087354
  ],
  "dala_graph": [
    0.004079010076252723,
    0.0005003918520659703,
    1.0927682818033775,
    0.005675431856173232
  ],
  "fdala_graph": [
    0.0039147603485838785,
    0.0004818991930606314,
    1.0913919084935806,
    0.004802879546004398
  ]
}