{
  "dala": [
    0.004246663943355119,
    0.0006982635994269477,
    1.0942902248853894,
    0.006455480469041929
  ],
  "flexible_dala": [
    0.0041019880174291935,
    0.00037484197211235784,
    1.0942902248853894,
    0.006455480469041929
  ],
  "dala_graph": [
    0.003357332516339869,
    0.00039238613927314493,
    1.0858593709721618,
    0.004017390020251281
  ],
  "fdala_graph": [
    0.0031743600217864925,
    0.00036750519230895767,
    1.0835268996634055,
    0.0037099090388965188
  ]
}