{"dala": [0.037666909211601304, 1.3235642874978013, 0.26669921875], "dala+flexible_refine": [0.0, 0.0, 0.0], "flexible_dala": [0.04208601409313726, 1.3235642874978013, 0.19873046875], "flexible_dala+flexible_refine": [0.0, 0.0, 0.0], "dala_graph": [0.037293198529411764, 1.321304110583806], "dala_graph+flexible_refine": [0.0, 0.0]}