{
  "dala": [
    0.0007574210239651415,
    1.0508083140877598,
    0.0078125
  ],
  "dala+flexible_refine": [
    0.0007574210239651415,
    1.0508083140877598,
    0.0078125
  ],
  "flexible_dala": [
    0.0007574210239651415,
    1.0508083140877598,
    0.00390625
  ],
  "flexible_dala+flexible_refine": [
    0.0007574210239651415,
    1.0508083140877598,
    0.00390625
  ],
  "dala_graph": [
    0.00015318627450980392,
    1.0326340326340326
  ],
  "dala_graph+flexible_refine": [
    0.00015318627450980392,
    1.0326340326340326
  ],
  "fdala_graph": [
    0.00015318627450980392,
    1.0326340326340326
  ],
  "fdala_graph+flexible_refine": [
    0.00015318627450980392,
    1.0326340326340326
  ]
}