{
  "dala": [
    0.013888888888888888,
    1.1696658097686374,
    0.1552734375
  ],
  "dala+flexible_refine": [
    0.013601664624183007,
    1.1696658097686374,
    0.1552734375
  ],
  "flexible_dala": [
    0.0157366983251634,
    1.1696658097686374,
    0.099609375
  ],
  "flexible_dala+flexible_refine": [
    0.014932470383986929,
    1.1696658097686374,
    0.099609375
  ],
  "dala_graph": [
    0.013314440359477124,
    1.1636828644501278
  ],
  "dala_graph+flexible_refine": [
    0.013027216094771242,
    1.1636828644501278
  ]
}