{"dala": [0.03542751736111111, 1.3092315960600873, 0.2607421875], "dala+flexible_refine": [0.0, 0.0, 0.0], "flexible_dala": [0.03997140522875817, 1.3092315960600873, 0.2158203125], "flexible_dala+flexible_refine": [0.0, 0.0, 0.0], "dala_graph": [0.0350515727124183, 1.306704730085994], "dala_graph+flexible_refine": [0.0, 0.0]}